{
  "fio version" : "fio-3.28",
  "timestamp" : 1638668697,
  "timestamp_ms" : 1638668697044,
  "time" : "Sun Dec  5 01:44:57 2021",
  "jobs" : [
    {
      "jobname" : "seq_write",
      "groupid" : 0,
      "error" : 0,
      "eta" : 0,
      "elapsed" : 61,
      "job options" : {
        "name" : "seq_write",
        "ioengine" : "posixaio",
        "rw" : "write",
        "bs" : "1m",
        "size" : "150m",
        "numjobs" : "1",
        "iodepth" : "1",
        "runtime" : "60",
        "end_fsync" : "1"
      },
      "read" : {
        "io_bytes" : 0,
        "io_kbytes" : 0,
        "bw_bytes" : 0,
        "bw" : 0,
        "iops" : 0.000000,
        "runtime" : 0,
        "total_ios" : 0,
        "short_ios" : 0,
        "drop_ios" : 0,
        "slat_ns" : {
          "min" : 0,
          "max" : 0,
          "mean" : 0.000000,
          "stddev" : 0.000000,
          "N" : 0
        },
        "clat_ns" : {
          "min" : 0,
          "max" : 0,
          "mean" : 0.000000,
          "stddev" : 0.000000,
          "N" : 0
        },
        "lat_ns" : {
          "min" : 0,
          "max" : 0,
          "mean" : 0.000000,
          "stddev" : 0.000000,
          "N" : 0
        },
        "bw_min" : 0,
        "bw_max" : 0,
        "bw_agg" : 0.000000,
        "bw_mean" : 0.000000,
        "bw_dev" : 0.000000,
        "bw_samples" : 0,
        "iops_min" : 0,
        "iops_max" : 0,
        "iops_mean" : 0.000000,
        "iops_stddev" : 0.000000,
        "iops_samples" : 0
      },
      "write" : {
        "io_bytes" : 21878538240,
        "io_kbytes" : 21365760,
        "bw_bytes" : 364417579,
        "bw" : 355876,
        "iops" : 347.535686,
        "runtime" : 60037,
        "total_ios" : 20865,
        "short_ios" : 0,
        "drop_ios" : 0,
        "slat_ns" : {
          "min" : 22610,
          "max" : 45092736,
          "mean" : 85458.761610,
          "stddev" : 709582.144411,
          "N" : 20865
        },
        "clat_ns" : {
          "min" : 1120,
          "max" : 4352516,
          "mean" : 501773.061395,
          "stddev" : 91942.879375,
          "N" : 20865,
          "percentile" : {
            "1.000000" : 309248,
            "5.000000" : 411648,
            "10.000000" : 419840,
            "20.000000" : 432128,
            "30.000000" : 448512,
            "40.000000" : 473088,
            "50.000000" : 501760,
            "60.000000" : 514048,
            "70.000000" : 544768,
            "80.000000" : 561152,
            "90.000000" : 593920,
            "95.000000" : 626688,
            "99.000000" : 741376,
            "99.500000" : 806912,
            "99.900000" : 937984,
            "99.950000" : 1204224,
            "99.990000" : 2867200
          }
        },
        "lat_ns" : {
          "min" : 311874,
          "max" : 45801446,
          "mean" : 587231.823005,
          "stddev" : 718744.652781,
          "N" : 20865
        },
        "bw_min" : 307200,
        "bw_max" : 614400,
        "bw_agg" : 100.000000,
        "bw_mean" : 356248.739496,
        "bw_dev" : 92630.820370,
        "bw_samples" : 119,
        "iops_min" : 300,
        "iops_max" : 600,
        "iops_mean" : 347.899160,
        "iops_stddev" : 90.459786,
        "iops_samples" : 119
      },
      "trim" : {
        "io_bytes" : 0,
        "io_kbytes" : 0,
        "bw_bytes" : 0,
        "bw" : 0,
        "iops" : 0.000000,
        "runtime" : 0,
        "total_ios" : 0,
        "short_ios" : 0,
        "drop_ios" : 0,
        "slat_ns" : {
          "min" : 0,
          "max" : 0,
          "mean" : 0.000000,
          "stddev" : 0.000000,
          "N" : 0
        },
        "clat_ns" : {
          "min" : 0,
          "max" : 0,
          "mean" : 0.000000,
          "stddev" : 0.000000,
          "N" : 0
        },
        "lat_ns" : {
          "min" : 0,
          "max" : 0,
          "mean" : 0.000000,
          "stddev" : 0.000000,
          "N" : 0
        },
        "bw_min" : 0,
        "bw_max" : 0,
        "bw_agg" : 0.000000,
        "bw_mean" : 0.000000,
        "bw_dev" : 0.000000,
        "bw_samples" : 0,
        "iops_min" : 0,
        "iops_max" : 0,
        "iops_mean" : 0.000000,
        "iops_stddev" : 0.000000,
        "iops_samples" : 0
      },
      "sync" : {
        "total_ios" : 0,
        "lat_ns" : {
          "min" : 0,
          "max" : 0,
          "mean" : 0.000000,
          "stddev" : 0.000000,
          "N" : 0
        }
      },
      "job_runtime" : 60036,
      "usr_cpu" : 1.174295,
      "sys_cpu" : 8.501566,
      "ctx" : 43358,
      "majf" : 0,
      "minf" : 20882,
      "iodepth_level" : {
        "1" : 100.004793,
        "2" : 0.000000,
        "4" : 0.000000,
        "8" : 0.000000,
        "16" : 0.000000,
        "32" : 0.000000,
        ">=64" : 0.000000
      },
      "iodepth_submit" : {
        "0" : 0.000000,
        "4" : 100.000000,
        "8" : 0.000000,
        "16" : 0.000000,
        "32" : 0.000000,
        "64" : 0.000000,
        ">=64" : 0.000000
      },
      "iodepth_complete" : {
        "0" : 0.000000,
        "4" : 100.000000,
        "8" : 0.000000,
        "16" : 0.000000,
        "32" : 0.000000,
        "64" : 0.000000,
        ">=64" : 0.000000
      },
      "latency_ns" : {
        "2" : 0.000000,
        "4" : 0.000000,
        "10" : 0.000000,
        "20" : 0.000000,
        "50" : 0.000000,
        "100" : 0.000000,
        "250" : 0.000000,
        "500" : 0.000000,
        "750" : 0.000000,
        "1000" : 0.000000
      },
      "latency_us" : {
        "2" : 0.028756,
        "4" : 0.019171,
        "10" : 0.000000,
        "20" : 0.000000,
        "50" : 0.000000,
        "100" : 0.010000,
        "250" : 0.010000,
        "500" : 49.772346,
        "750" : 49.259526,
        "1000" : 0.833932
      },
      "latency_ms" : {
        "2" : 0.052720,
        "4" : 0.019171,
        "10" : 0.010000,
        "20" : 0.000000,
        "50" : 0.000000,
        "100" : 0.000000,
        "250" : 0.000000,
        "500" : 0.000000,
        "750" : 0.000000,
        "1000" : 0.000000,
        "2000" : 0.000000,
        ">=2000" : 0.000000
      },
      "latency_depth" : 1,
      "latency_target" : 0,
      "latency_percentile" : 100.000000,
      "latency_window" : 0
    }
  ]
}

